Category,Old URL (Source),New URL (Destination),Redirect Type,Notes
Attractions & Experiences,https://daytonalagoon.com/arcade-games,https://daytonalagoon.com/attractions/mega-arcade/,301,
Attractions & Experiences,https://daytonalagoon.com/birthdays,https://daytonalagoon.com/plan-your-visit/groups/birthdays/,301,
Attractions & Experiences,https://daytonalagoon.com/bumper-cars,https://daytonalagoon.com/attractions/bumper-cars/,301,
Attractions & Experiences,https://daytonalagoon.com/cabanas,https://daytonalagoon.com/plan-your-visit/cabanas/,301,
Attractions & Experiences,https://daytonalagoon.com/dining,https://daytonalagoon.com/dining/,301,
Attractions & Experiences,https://daytonalagoon.com/fun-park,https://daytonalagoon.com/attractions/,301,
Attractions & Experiences,https://daytonalagoon.com/go-karts,https://daytonalagoon.com/attractions/go-karts/,301,
Attractions & Experiences,https://daytonalagoon.com/group-events,https://daytonalagoon.com/plan-your-visit/groups/,301,
Attractions & Experiences,https://daytonalagoon.com/laser-tag,https://daytonalagoon.com/attractions/laser-tag/,301,
Attractions & Experiences,https://daytonalagoon.com/mega-arcade,https://daytonalagoon.com/attractions/mega-arcade/,301,
Attractions & Experiences,https://daytonalagoon.com/mini-golf,https://daytonalagoon.com/attractions/mini-golf/,301,
Attractions & Experiences,https://daytonalagoon.com/rock-wall,https://daytonalagoon.com/attractions/rock-wall/,301,
Attractions & Experiences,https://daytonalagoon.com/sky-maze-ropes-course,https://daytonalagoon.com/attractions/sky-maze-ropes-course/,301,
Attractions & Experiences,https://daytonalagoon.com/sunnys-scoops,https://daytonalagoon.com/dining/sunnys-scoops/,301,
Attractions & Experiences,https://daytonalagoon.com/waterpark,https://daytonalagoon.com/attractions/,301,
Attractions & Experiences,https://daytonalagoon.com/waterpark-birthdays,https://daytonalagoon.com/plan-your-visit/groups/birthdays/,301,
Blog Post,https://daytonalagoon.com/blog-entries/3-must-haves-in-your-summer-beach-bag,https://daytonalagoon.com/,301,No blog on new site.
Blog Post,https://daytonalagoon.com/blog-entries/4-ways-to-enjoy-your-fall-with-family,https://daytonalagoon.com/,301,No blog on new site.
Blog Post,https://daytonalagoon.com/blog-entries/5ways-to-make-your-birthday-memorable-at-daytona-lagoon,https://daytonalagoon.com/,301,No blog on new site.
Blog Post,https://daytonalagoon.com/blog-entries/a-busy-familys-guide-to-new-years-resolutions,https://daytonalagoon.com/,301,No blog on new site.
Blog Post,https://daytonalagoon.com/blog-entries/a-glimpse-into-daytona-lagoons-nighttime-entertainment,https://daytonalagoon.com/,301,No blog on new site.
Blog Post,https://daytonalagoon.com/blog-entries/a-new-years-resolution-meme-is-the-best-way-to-start-2023,https://daytonalagoon.com/,301,No blog on new site.
Blog Post,https://daytonalagoon.com/blog-entries/back-to-school-blues-the-fun-doesnt-have-to-stop,https://daytonalagoon.com/,301,No blog on new site.
Blog Post,https://daytonalagoon.com/blog-entries/birthday-parties-amp-group-events-with-effortless-planning,https://daytonalagoon.com/,301,No blog on new site.
Blog Post,https://daytonalagoon.com/blog-entries/birthday-parties-amp-group-events-with-effortless-planning-lzmw7,https://daytonalagoon.com/,301,No blog on new site.
Blog Post,https://daytonalagoon.com/blog-entries/birthday-parties-in-daytona-beach-just-got-better,https://daytonalagoon.com/,301,No blog on new site.
Blog Post,https://daytonalagoon.com/blog-entries/celebrating-family-fun-and-gratitude-at-daytona-lagoon,https://daytonalagoon.com/,301,No blog on new site.
Blog Post,https://daytonalagoon.com/blog-entries/cool-down-and-spend-a-hot-summer-day-with-us,https://daytonalagoon.com/,301,No blog on new site.
Blog Post,https://daytonalagoon.com/blog-entries/dashing-through-the-arcade-gaming-galore-at-daytona-lagoon,https://daytonalagoon.com/,301,No blog on new site.
Blog Post,https://daytonalagoon.com/blog-entries/daytona-beach-spring-break-events-make-the-most-of-your-spring-break,https://daytonalagoon.com/,301,No blog on new site.
Blog Post,https://daytonalagoon.com/blog-entries/daytona-lagoon-celebrates-frontline-workers,https://daytonalagoon.com/,301,No blog on new site.
Blog Post,https://daytonalagoon.com/blog-entries/daytona-lagoon-recognized-as-visitors-choice-in-family-entertainment,https://daytonalagoon.com/,301,No blog on new site.
Blog Post,https://daytonalagoon.com/blog-entries/ditch-the-screens-and-discover-the-benefits-of-play-at-daytona-lagoon,https://daytonalagoon.com/,301,No blog on new site.
Blog Post,https://daytonalagoon.com/blog-entries/dive-into-fun-at-daytona-lagoon-your-ultimate-destination-for-group-outings,https://daytonalagoon.com/,301,No blog on new site.
Blog Post,https://daytonalagoon.com/blog-entries/diving-into-the-2022-waterpark-season,https://daytonalagoon.com/,301,No blog on new site.
Blog Post,https://daytonalagoon.com/blog-entries/embrace-a-screen-free-summer-at-daytona-lagoon,https://daytonalagoon.com/,301,No blog on new site.
Blog Post,https://daytonalagoon.com/blog-entries/everything-you-need-to-know-about-spooky-season-at-daytona-lagoon,https://daytonalagoon.com/,301,No blog on new site.
Blog Post,https://daytonalagoon.com/blog-entries/find-your-fun-at-daytona-lagoon-in-2021,https://daytonalagoon.com/,301,No blog on new site.
Blog Post,https://daytonalagoon.com/blog-entries/get-your-goonie-on-all-year-long,https://daytonalagoon.com/,301,No blog on new site.
Blog Post,https://daytonalagoon.com/blog-entries/goals-to-accomplish-before-the-end-of-the-year,https://daytonalagoon.com/,301,No blog on new site.
Blog Post,https://daytonalagoon.com/blog-entries/holiday-gift-guide-the-best-experience-gifts-for-families-amp-fun-seekers,https://daytonalagoon.com/,301,No blog on new site.
Blog Post,https://daytonalagoon.com/blog-entries/how-to-holiday-at-daytona-lagoon,https://daytonalagoon.com/,301,No blog on new site.
Blog Post,https://daytonalagoon.com/blog-entries/how-to-keep-kids-motivated-with-good-grades-all-year-long,https://daytonalagoon.com/,301,No blog on new site.
Blog Post,https://daytonalagoon.com/blog-entries/how-to-make-the-most-of-your-winter-break,https://daytonalagoon.com/,301,No blog on new site.
Blog Post,https://daytonalagoon.com/blog-entries/indoor-adventures-await-at-daytona-lagoon,https://daytonalagoon.com/,301,No blog on new site.
Blog Post,https://daytonalagoon.com/blog-entries/indoor-fun-to-stay-out-of-the-sun,https://daytonalagoon.com/,301,No blog on new site.
Blog Post,https://daytonalagoon.com/blog-entries/keep-kids-entertained-this-winter-break,https://daytonalagoon.com/,301,No blog on new site.
Blog Post,https://daytonalagoon.com/blog-entries/live-the-cabana-life-this-summer-at-daytona-lagoon,https://daytonalagoon.com/,301,No blog on new site.
Blog Post,https://daytonalagoon.com/blog-entries/making-a-splash-in-safety-daytona-lagoon-celebrates-water-safety-month,https://daytonalagoon.com/,301,No blog on new site.
Blog Post,https://daytonalagoon.com/blog-entries/next-level-fun-this-summer-at-daytona-lagoon,https://daytonalagoon.com/,301,No blog on new site.
Blog Post,https://daytonalagoon.com/blog-entries/plan-the-perfect-summer-weekend-in-daytona-beach,https://daytonalagoon.com/,301,No blog on new site.
Blog Post,https://daytonalagoon.com/blog-entries/plan-the-perfect-summer-weekend-in-daytona-beach-daytona-beach-attractions-for-families,https://daytonalagoon.com/,301,No blog on new site.
Blog Post,https://daytonalagoon.com/blog-entries/splash-into-spring-at-daytona-lagoon,https://daytonalagoon.com/,301,No blog on new site.
Blog Post,https://daytonalagoon.com/blog-entries/splashing-into-the-2020-waterpark-season,https://daytonalagoon.com/,301,No blog on new site.
Blog Post,https://daytonalagoon.com/blog-entries/spring-break-activities-a-day-at-daytona-lagoon,https://daytonalagoon.com/,301,No blog on new site.
Blog Post,https://daytonalagoon.com/blog-entries/spring-break-in-daytona-beach-your-2026-guide-to-daytona-lagoon-waterpark,https://daytonalagoon.com/,301,No blog on new site.
Blog Post,https://daytonalagoon.com/blog-entries/spring-into-action-at-daytona-lagoon,https://daytonalagoon.com/,301,No blog on new site.
Blog Post,https://daytonalagoon.com/blog-entries/summer-countdown-preparing-for-waterpark-season,https://daytonalagoon.com/,301,No blog on new site.
Blog Post,https://daytonalagoon.com/blog-entries/summer-nights-just-got-better-at-daytona-lagoon,https://daytonalagoon.com/,301,No blog on new site.
Blog Post,https://daytonalagoon.com/blog-entries/the-importance-of-team-building,https://daytonalagoon.com/,301,No blog on new site.
Blog Post,https://daytonalagoon.com/blog-entries/the-ultimate-countdown-to-the-2022-waterpark-season,https://daytonalagoon.com/,301,No blog on new site.
Blog Post,https://daytonalagoon.com/blog-entries/the-ultimate-daytona-beach-staycation,https://daytonalagoon.com/,301,No blog on new site.
Blog Post,https://daytonalagoon.com/blog-entries/the-ultimate-guide-to-summer-fun-at-daytona-lagoon-things-to-do-in-daytona-beach-florida,https://daytonalagoon.com/,301,No blog on new site.
Blog Post,https://daytonalagoon.com/blog-entries/things-to-do-with-kids-on-rainy-days-and-places-to-go-when-its-raining,https://daytonalagoon.com/,301,No blog on new site.
Blog Post,https://daytonalagoon.com/blog-entries/tips-for-making-your-next-birthday-celebration-perfect,https://daytonalagoon.com/,301,No blog on new site.
Blog Post,https://daytonalagoon.com/blog-entries/tis-the-season-of-fun-gift-guide-amp-festive-celebrations,https://daytonalagoon.com/,301,No blog on new site.
Blog Post,https://daytonalagoon.com/blog-entries/top-5-reasons-to-get-a-cabana-at-daytona-lagoon,https://daytonalagoon.com/,301,No blog on new site.
Blog Post,https://daytonalagoon.com/blog-entries/top-5-reasons-to-host-your-next-party-or-group-event-at-daytona-lagoon,https://daytonalagoon.com/,301,No blog on new site.
Blog Post,https://daytonalagoon.com/blog-entries/top-5-reasons-to-host-your-next-party-or-group-event-at-daytona-lagoon-cplx8,https://daytonalagoon.com/,301,No blog on new site.
Blog Post,https://daytonalagoon.com/blog-entries/ultimate-guide-to-kid-friendly-fun-at-daytona-lagoon,https://daytonalagoon.com/,301,No blog on new site.
Blog Post,https://daytonalagoon.com/blog-entries/unleash-fun-with-interactive-arcade-games-at-daytona-lagoons-arcade-in-daytona-beachnbsp,https://daytonalagoon.com/,301,No blog on new site.
Blog Post,https://daytonalagoon.com/blog-entries/what-to-do-with-the-kids-during-thanksgiving-break-in-daytona-beach,https://daytonalagoon.com/,301,No blog on new site.
Blog Post,https://daytonalagoon.com/blog-entries/why-daytona-lagoon-is-a-must-visit-in-daytona-beach,https://daytonalagoon.com/,301,No blog on new site.
Blog Post,https://daytonalagoon.com/blog-entries/why-daytona-lagoon-is-the-best-place-for-group-outings-in-daytona-beach,https://daytonalagoon.com/,301,No blog on new site.
Blog Post,https://daytonalagoon.com/blog-entries/why-waterpark-birthdays-at-daytona-lagoon-are-the-ultimate-celebration,https://daytonalagoon.com/,301,No blog on new site.
Blog Post,https://daytonalagoon.com/blog-entries/why-winter-is-the-best-time-to-buy-your-2026-daytona-lagoon-season-pass,https://daytonalagoon.com/,301,No blog on new site.
Blog Post,https://daytonalagoon.com/blog-entries/you-dont-want-to-miss-this-black-friday-deal,https://daytonalagoon.com/,301,No blog on new site.
Blog Post,https://daytonalagoon.com/blog-entries/you-may-be-wondering-where-is-the-closest-waterpark-near-me,https://daytonalagoon.com/,301,No blog on new site.
Blog Post,https://daytonalagoon.com/blog-entries/your-guide-to-daytona-lagoons-2026-waterpark-opening,https://daytonalagoon.com/,301,No blog on new site.
Blog Tag Page,https://daytonalagoon.com/blog-entries/tag/after++hours+entertainment,https://daytonalagoon.com/,301,Tag pages not needed on new site
Blog Tag Page,https://daytonalagoon.com/blog-entries/tag/Arcade+Games,https://daytonalagoon.com/,301,Tag pages not needed on new site
Blog Tag Page,https://daytonalagoon.com/blog-entries/tag/arcade+games+in+Daytona+Beach,https://daytonalagoon.com/,301,Tag pages not needed on new site
Blog Tag Page,https://daytonalagoon.com/blog-entries/tag/benefits+of+play,https://daytonalagoon.com/,301,Tag pages not needed on new site
Blog Tag Page,https://daytonalagoon.com/blog-entries/tag/best+time+to+buy+season+pass,https://daytonalagoon.com/,301,Tag pages not needed on new site
Blog Tag Page,https://daytonalagoon.com/blog-entries/tag/birthday,https://daytonalagoon.com/,301,Tag pages not needed on new site
Blog Tag Page,https://daytonalagoon.com/blog-entries/tag/birthday+celebrations,https://daytonalagoon.com/,301,Tag pages not needed on new site
Blog Tag Page,https://daytonalagoon.com/blog-entries/tag/birthday+club,https://daytonalagoon.com/,301,Tag pages not needed on new site
Blog Tag Page,https://daytonalagoon.com/blog-entries/tag/birthday+exclusive,https://daytonalagoon.com/,301,Tag pages not needed on new site
Blog Tag Page,https://daytonalagoon.com/blog-entries/tag/birthday+party,https://daytonalagoon.com/,301,Tag pages not needed on new site
Blog Tag Page,https://daytonalagoon.com/blog-entries/tag/childhood+development,https://daytonalagoon.com/,301,Tag pages not needed on new site
Blog Tag Page,https://daytonalagoon.com/blog-entries/tag/corporate+events,https://daytonalagoon.com/,301,Tag pages not needed on new site
Blog Tag Page,https://daytonalagoon.com/blog-entries/tag/Daytona+Beach+Florida,https://daytonalagoon.com/,301,Tag pages not needed on new site
Blog Tag Page,https://daytonalagoon.com/blog-entries/tag/Daytona+Lagoon,https://daytonalagoon.com/,301,Tag pages not needed on new site
Blog Tag Page,https://daytonalagoon.com/blog-entries/tag/Daytona+Lagoon+Fun,https://daytonalagoon.com/,301,Tag pages not needed on new site
Blog Tag Page,https://daytonalagoon.com/blog-entries/tag/daytona+lagoon+season+pass,https://daytonalagoon.com/,301,Tag pages not needed on new site
Blog Tag Page,https://daytonalagoon.com/blog-entries/tag/daytona+waterpark+discount,https://daytonalagoon.com/,301,Tag pages not needed on new site
Blog Tag Page,https://daytonalagoon.com/blog-entries/tag/December+Entertainment,https://daytonalagoon.com/,301,Tag pages not needed on new site
Blog Tag Page,https://daytonalagoon.com/blog-entries/tag/evening+activities,https://daytonalagoon.com/,301,Tag pages not needed on new site
Blog Tag Page,https://daytonalagoon.com/blog-entries/tag/exclusive+packages,https://daytonalagoon.com/,301,Tag pages not needed on new site
Blog Tag Page,https://daytonalagoon.com/blog-entries/tag/family-friendly,https://daytonalagoon.com/,301,Tag pages not needed on new site
Blog Tag Page,https://daytonalagoon.com/blog-entries/tag/family+friendly+activities,https://daytonalagoon.com/,301,Tag pages not needed on new site
Blog Tag Page,https://daytonalagoon.com/blog-entries/tag/family+fun,https://daytonalagoon.com/,301,Tag pages not needed on new site
Blog Tag Page,https://daytonalagoon.com/blog-entries/tag/family+gatherings,https://daytonalagoon.com/,301,Tag pages not needed on new site
Blog Tag Page,https://daytonalagoon.com/blog-entries/tag/family+halloween,https://daytonalagoon.com/,301,Tag pages not needed on new site
Blog Tag Page,https://daytonalagoon.com/blog-entries/tag/Festive+Entertainment,https://daytonalagoon.com/,301,Tag pages not needed on new site
Blog Tag Page,https://daytonalagoon.com/blog-entries/tag/Gaming+Galore,https://daytonalagoon.com/,301,Tag pages not needed on new site
Blog Tag Page,https://daytonalagoon.com/blog-entries/tag/good+grades,https://daytonalagoon.com/,301,Tag pages not needed on new site
Blog Tag Page,https://daytonalagoon.com/blog-entries/tag/gratitude,https://daytonalagoon.com/,301,Tag pages not needed on new site
Blog Tag Page,https://daytonalagoon.com/blog-entries/tag/group+activities,https://daytonalagoon.com/,301,Tag pages not needed on new site
Blog Tag Page,https://daytonalagoon.com/blog-entries/tag/group+events,https://daytonalagoon.com/,301,Tag pages not needed on new site
Blog Tag Page,https://daytonalagoon.com/blog-entries/tag/group+parties,https://daytonalagoon.com/,301,Tag pages not needed on new site
Blog Tag Page,https://daytonalagoon.com/blog-entries/tag/halloween+activities,https://daytonalagoon.com/,301,Tag pages not needed on new site
Blog Tag Page,https://daytonalagoon.com/blog-entries/tag/halloween+events,https://daytonalagoon.com/,301,Tag pages not needed on new site
Blog Tag Page,https://daytonalagoon.com/blog-entries/tag/holiday+deals,https://daytonalagoon.com/,301,Tag pages not needed on new site
Blog Tag Page,https://daytonalagoon.com/blog-entries/tag/indoor+activities,https://daytonalagoon.com/,301,Tag pages not needed on new site
Blog Tag Page,https://daytonalagoon.com/blog-entries/tag/indoor+adventures,https://daytonalagoon.com/,301,Tag pages not needed on new site
Blog Tag Page,https://daytonalagoon.com/blog-entries/tag/interactive+arcade+games,https://daytonalagoon.com/,301,Tag pages not needed on new site
Blog Tag Page,https://daytonalagoon.com/blog-entries/tag/night+time+fun,https://daytonalagoon.com/,301,Tag pages not needed on new site
Blog Tag Page,https://daytonalagoon.com/blog-entries/tag/rewards+for+good+grades,https://daytonalagoon.com/,301,Tag pages not needed on new site
Blog Tag Page,https://daytonalagoon.com/blog-entries/tag/safety,https://daytonalagoon.com/,301,Tag pages not needed on new site
Blog Tag Page,https://daytonalagoon.com/blog-entries/tag/season+pass+deals,https://daytonalagoon.com/,301,Tag pages not needed on new site
Blog Tag Page,https://daytonalagoon.com/blog-entries/tag/spring+break,https://daytonalagoon.com/,301,Tag pages not needed on new site
Blog Tag Page,https://daytonalagoon.com/blog-entries/tag/spring+break+activities,https://daytonalagoon.com/,301,Tag pages not needed on new site
Blog Tag Page,https://daytonalagoon.com/blog-entries/tag/Summer+countdown,https://daytonalagoon.com/,301,Tag pages not needed on new site
Blog Tag Page,https://daytonalagoon.com/blog-entries/tag/team+building,https://daytonalagoon.com/,301,Tag pages not needed on new site
Blog Tag Page,https://daytonalagoon.com/blog-entries/tag/things+to+do,https://daytonalagoon.com/,301,Tag pages not needed on new site
Blog Tag Page,https://daytonalagoon.com/blog-entries/tag/things+to+do+with+kids,https://daytonalagoon.com/,301,Tag pages not needed on new site
Blog Tag Page,https://daytonalagoon.com/blog-entries/tag/unplugging,https://daytonalagoon.com/,301,Tag pages not needed on new site
Blog Tag Page,https://daytonalagoon.com/blog-entries/tag/water+rides,https://daytonalagoon.com/,301,Tag pages not needed on new site
Blog Tag Page,https://daytonalagoon.com/blog-entries/tag/water+safety+month,https://daytonalagoon.com/,301,Tag pages not needed on new site
Blog Tag Page,https://daytonalagoon.com/blog-entries/tag/waterpark+birthdays,https://daytonalagoon.com/,301,Tag pages not needed on new site
Blog Tag Page,https://daytonalagoon.com/blog-entries/tag/waterpark+fun,https://daytonalagoon.com/,301,Tag pages not needed on new site
Blog Tag Page,https://daytonalagoon.com/blog-entries/tag/Waterpark+in+Daytona,https://daytonalagoon.com/,301,Tag pages not needed on new site
Blog Tag Page,https://daytonalagoon.com/blog-entries/tag/winter+family+fun,https://daytonalagoon.com/,301,Tag pages not needed on new site
Blog Tag Page,https://daytonalagoon.com/blog-entries/tag/work+retreats,https://daytonalagoon.com/,301,Tag pages not needed on new site
Blog/News Index,https://daytonalagoon.com/blog,https://daytonalagoon.com/,301,No blog on new site.
Blog/News Index,https://daytonalagoon.com/blog-entries,https://daytonalagoon.com/,301,No blog on new site.
Blog/News Index,https://daytonalagoon.com/news-coverage,https://daytonalagoon.com/,301,No blog on new site.
Events,https://daytonalagoon.com/calendar,https://daytonalagoon.com/hours-and-location/,301,
Events,https://daytonalagoon.com/character-series,https://daytonalagoon.com/events/,301,
Info & Policy,https://daytonalagoon.com/accessibility,https://daytonalagoon.com/terms-conditions/,301,
Info & Policy,https://daytonalagoon.com/code-of-conduct,https://daytonalagoon.com/terms-conditions/code-of-conduct/,301,
Info & Policy,https://daytonalagoon.com/employment,https://daytonalagoon.com/,301,No employment page on new site — verify destination
Info & Policy,https://daytonalagoon.com/health-safety,https://daytonalagoon.com/terms-conditions/code-of-conduct/,301,
Info & Policy,https://daytonalagoon.com/mini-golf-score-card,https://daytonalagoon.com/attractions/mini-golf/,301,
Info & Policy,https://daytonalagoon.com/park-map,https://daytonalagoon.com/map/,301,
Info & Policy,https://daytonalagoon.com/park-rules,https://daytonalagoon.com/terms-conditions/park-rules/,301,
Info & Policy,https://daytonalagoon.com/parking,https://daytonalagoon.com/plan-your-visit/,301,
Info & Policy,https://daytonalagoon.com/preferred-lodging,https://daytonalagoon.com/plan-your-visit/,301,No preferred-lodging page on new site — verify destination
Info & Policy,https://daytonalagoon.com/privacy-policy,https://daytonalagoon.com/terms-conditions/privacy-policy/,301,
Info & Policy,https://daytonalagoon.com/terms-conditions,https://daytonalagoon.com/terms-conditions/,301,
News Article,https://daytonalagoon.com/news-coverage/65-fun-things-to-do-in-daytona-beach-florida,https://daytonalagoon.com/,301,No news section on new site
News Article,https://daytonalagoon.com/news-coverage/best-of-central-florida-with-justin-clark-amp-makaila-nichols,https://daytonalagoon.com/,301,No news section on new site
News Article,https://daytonalagoon.com/news-coverage/daytona-beach-area-cvb-recognizes-area-businesses-and-attractions-with-third-annual-visitors-choice-awards,https://daytonalagoon.com/,301,No news section on new site
News Article,https://daytonalagoon.com/news-coverage/daytona-beach-cvb-celebrates-national-travel-and-tourism-week-with-inaugural-visitors-choice-awards,https://daytonalagoon.com/,301,No news section on new site
News Article,https://daytonalagoon.com/news-coverage/daytona-beach-waterpark-under-new-management-receives-fresh-refurbishments,https://daytonalagoon.com/,301,No news section on new site
News Article,https://daytonalagoon.com/news-coverage/daytona-lagoon-gifts-volusia-county-schools-students-with-tickets-for-completing-spring-reading-challenge,https://daytonalagoon.com/,301,No news section on new site
News Article,https://daytonalagoon.com/news-coverage/daytona-lagoon-hosting-job-fairs-for-various-positions-in-february,https://daytonalagoon.com/,301,No news section on new site
News Article,https://daytonalagoon.com/news-coverage/daytona-lagoon-makes-list-of-top-five-best-waterparks-in-florida,https://daytonalagoon.com/,301,No news section on new site
News Article,https://daytonalagoon.com/news-coverage/daytona-lagoon-prepares-to-open-for-the-2022-season,https://daytonalagoon.com/,301,No news section on new site
News Article,https://daytonalagoon.com/news-coverage/daytona-lagoon-water-park-offers-free-admission-to-teachers-this-weekend,https://daytonalagoon.com/,301,No news section on new site
News Article,https://daytonalagoon.com/news-coverage/daytona-lagoon-waterpark-prepares-to-open-for-2023-season,https://daytonalagoon.com/,301,No news section on new site
News Article,https://daytonalagoon.com/news-coverage/daytona-lagoon-waterpark-to-host-job-fair-on-sunday,https://daytonalagoon.com/,301,No news section on new site
News Article,https://daytonalagoon.com/news-coverage/first-responders-can-slide-into-the-weekend-with-free-admission-to-daytona-lagoon,https://daytonalagoon.com/,301,No news section on new site
News Article,https://daytonalagoon.com/news-coverage/free-water-park-admission-being-offered-to-first-responders-this-weekend,https://daytonalagoon.com/,301,No news section on new site
News Article,https://daytonalagoon.com/news-coverage/free-waterpark-admission-for-military-at-daytona-lagoon,https://daytonalagoon.com/,301,No news section on new site
News Article,https://daytonalagoon.com/news-coverage/local-waterpark-opens-under-new-management,https://daytonalagoon.com/,301,No news section on new site
News Article,https://daytonalagoon.com/news-coverage/these-are-the-top-5-most-affordable-water-parks-in-florida,https://daytonalagoon.com/,301,No news section on new site
News Article,https://daytonalagoon.com/news-coverage/volusia-county-opens-summer-camp-registration-for-kids-ages-5-through-12,https://daytonalagoon.com/,301,No news section on new site
Old / Duplicate Page,https://daytonalagoon.com/2025-landing-page-design,https://daytonalagoon.com/,301,Internal design page — redirect to homepage
Old / Duplicate Page,https://daytonalagoon.com/calendar-1,https://daytonalagoon.com/events/,301,Duplicate
Old / Duplicate Page,https://daytonalagoon.com/character-series-2023,https://daytonalagoon.com/events/,301,Old seasonal page
Old / Duplicate Page,https://daytonalagoon.com/character-series-2023-1,https://daytonalagoon.com/events/,301,Duplicate of /character-series-2023
Old / Duplicate Page,https://daytonalagoon.com/events-mock-up,https://daytonalagoon.com/events/,301,Dev/mock-up page
Old / Duplicate Page,https://daytonalagoon.com/events-mock-up/closed,https://daytonalagoon.com/events/,301,Dev/mock-up page
Old / Duplicate Page,https://daytonalagoon.com/events-mock-up/event-one-tf353,https://daytonalagoon.com/events/,301,Dev/mock-up page
Old / Duplicate Page,https://daytonalagoon.com/events-mock-up/event-two-x4phj,https://daytonalagoon.com/events/,301,Dev/mock-up page
Old / Duplicate Page,https://daytonalagoon.com/fun-park-old,https://daytonalagoon.com/attractions/,301,Old page
Old / Duplicate Page,https://daytonalagoon.com/hurricane-ian,https://daytonalagoon.com/,301,One-time event page — redirect to homepage
Old / Duplicate Page,https://daytonalagoon.com/privacy-policy-old,https://daytonalagoon.com/terms-conditions/privacy-policy/,301,Old page
Old / Duplicate Page,https://daytonalagoon.com/season-passes-1,https://daytonalagoon.com/tickets-and-passes/season-pass/,301,Duplicate
Old / Duplicate Page,https://daytonalagoon.com/season-passes-end-of-summer,https://daytonalagoon.com/tickets-and-passes/season-pass/,301,Old seasonal page
Old / Duplicate Page,https://daytonalagoon.com/season-passes-old,https://daytonalagoon.com/tickets-and-passes/season-pass/,301,Old page
Old / Duplicate Page,https://daytonalagoon.com/season-passes1,https://daytonalagoon.com/tickets-and-passes/season-pass/,301,Duplicate
Old / Duplicate Page,https://daytonalagoon.com/season-passes2025,https://daytonalagoon.com/tickets-and-passes/season-pass/,301,Old year-specific page
Promotional / Campaign,https://daytonalagoon.com/black-friday,https://daytonalagoon.com/promotions/,301,Campaign landing page
Promotional / Campaign,https://daytonalagoon.com/black-friday-2022-presale,https://daytonalagoon.com/promotions/,301,Campaign landing page
Promotional / Campaign,https://daytonalagoon.com/black-friday-5off,https://daytonalagoon.com/promotions/,301,Campaign landing page
Promotional / Campaign,https://daytonalagoon.com/black-friday-cvb,https://daytonalagoon.com/promotions/,301,Campaign landing page
Promotional / Campaign,https://daytonalagoon.com/black-friday-email,https://daytonalagoon.com/promotions/,301,Campaign landing page
Promotional / Campaign,https://daytonalagoon.com/black-friday-fiveoff,https://daytonalagoon.com/promotions/,301,Campaign landing page
Promotional / Campaign,https://daytonalagoon.com/black-friday-google,https://daytonalagoon.com/promotions/,301,Campaign landing page
Promotional / Campaign,https://daytonalagoon.com/black-friday-save5,https://daytonalagoon.com/promotions/,301,Campaign landing page
Promotional / Campaign,https://daytonalagoon.com/black-friday-savenow,https://daytonalagoon.com/promotions/,301,Campaign landing page
Promotional / Campaign,https://daytonalagoon.com/black-friday-social,https://daytonalagoon.com/promotions/,301,Campaign landing page
Promotional / Campaign,https://daytonalagoon.com/bogo-mondays,https://daytonalagoon.com/promotions/,301,Campaign landing page
Promotional / Campaign,https://daytonalagoon.com/christmas-in-july,https://daytonalagoon.com/events/,301,Seasonal campaign page
Promotional / Campaign,https://daytonalagoon.com/cvb,https://daytonalagoon.com/,301,CVB partner landing page
Promotional / Campaign,https://daytonalagoon.com/cvb-25,https://daytonalagoon.com/,301,CVB partner landing page
Promotional / Campaign,https://daytonalagoon.com/cyber-monday,https://daytonalagoon.com/promotions/,301,Campaign landing page
Promotional / Campaign,https://daytonalagoon.com/cyber-monday-5off,https://daytonalagoon.com/promotions/,301,Campaign landing page
Promotional / Campaign,https://daytonalagoon.com/cyber-monday-fiveoff,https://daytonalagoon.com/promotions/,301,Campaign landing page
Promotional / Campaign,https://daytonalagoon.com/cyber-monday-save5,https://daytonalagoon.com/promotions/,301,Campaign landing page
Promotional / Campaign,https://daytonalagoon.com/cyber-monday-savenow,https://daytonalagoon.com/promotions/,301,Campaign landing page
Promotional / Campaign,https://daytonalagoon.com/fall-fun-park,https://daytonalagoon.com/events/,301,Seasonal campaign page
Promotional / Campaign,https://daytonalagoon.com/february-special,https://daytonalagoon.com/promotions/,301,Campaign landing page
Promotional / Campaign,https://daytonalagoon.com/hallagoon,https://daytonalagoon.com/events/,301,Seasonal campaign page
Promotional / Campaign,https://daytonalagoon.com/halloween,https://daytonalagoon.com/events/,301,Seasonal campaign page
Promotional / Campaign,https://daytonalagoon.com/holiday-sale-digital,https://daytonalagoon.com/promotions/,301,Campaign landing page
Promotional / Campaign,https://daytonalagoon.com/holiday-sale-email,https://daytonalagoon.com/promotions/,301,Campaign landing page
Promotional / Campaign,https://daytonalagoon.com/holiday-sale-social,https://daytonalagoon.com/promotions/,301,Campaign landing page
Promotional / Campaign,https://daytonalagoon.com/hom,https://daytonalagoon.com/,301,Campaign landing page
Promotional / Campaign,https://daytonalagoon.com/hom-1,https://daytonalagoon.com/,301,Duplicate campaign page
Promotional / Campaign,https://daytonalagoon.com/march-special,https://daytonalagoon.com/promotions/,301,Campaign landing page
Promotional / Campaign,https://daytonalagoon.com/volusia-schools,https://daytonalagoon.com/plan-your-visit/groups/schools/,301,
Ticketing & Passes,https://daytonalagoon.com/2-hour-pass,https://daytonalagoon.com/tickets-and-passes/,301,No 2-hour pass page on new site — verify destination
Ticketing & Passes,https://daytonalagoon.com/deluxe,https://daytonalagoon.com/tickets-and-passes/,301,No deluxe page on new site — verify destination
Ticketing & Passes,https://daytonalagoon.com/memberships,https://daytonalagoon.com/tickets-and-passes/season-pass/,301,
Ticketing & Passes,https://daytonalagoon.com/season-passes,https://daytonalagoon.com/tickets-and-passes/season-pass/,301,
Ticketing & Passes,https://daytonalagoon.com/specials,https://daytonalagoon.com/promotions/,301,
Ticketing & Passes,https://daytonalagoon.com/tickets,https://daytonalagoon.com/tickets-and-passes/,301,
Ticketing & Passes,https://daytonalagoon.com/tickets-off-season,https://daytonalagoon.com/tickets-and-passes/,301,