301,all,^/arcade-games,https://daytonalagoon.com/attractions/mega-arcade/
301,all,^/group-events,https://daytonalagoon.com/plan-your-visit/groups/
301,all,^/waterpark-birthdays,https://daytonalagoon.com/plan-your-visit/groups/birthdays/
301,all,^/blog-entries/3-must-haves-in-your-summer-beach-bag,https://daytonalagoon.com/
301,all,^/blog-entries/4-ways-to-enjoy-your-fall-with-family,https://daytonalagoon.com/
301,all,^/blog-entries/5ways-to-make-your-birthday-memorable-at-daytona-lagoon,https://daytonalagoon.com/
301,all,^/blog-entries/a-busy-familys-guide-to-new-years-resolutions,https://daytonalagoon.com/
301,all,^/blog-entries/a-glimpse-into-daytona-lagoons-nighttime-entertainment,https://daytonalagoon.com/
301,all,^/blog-entries/a-new-years-resolution-meme-is-the-best-way-to-start-2023,https://daytonalagoon.com/
301,all,^/blog-entries/back-to-school-blues-the-fun-doesnt-have-to-stop,https://daytonalagoon.com/
301,all,^/blog-entries/birthday-parties-amp-group-events-with-effortless-planning,https://daytonalagoon.com/
301,all,^/blog-entries/birthday-parties-amp-group-events-with-effortless-planning-lzmw7,https://daytonalagoon.com/
301,all,^/blog-entries/birthday-parties-in-daytona-beach-just-got-better,https://daytonalagoon.com/
301,all,^/blog-entries/celebrating-family-fun-and-gratitude-at-daytona-lagoon,https://daytonalagoon.com/
301,all,^/blog-entries/cool-down-and-spend-a-hot-summer-day-with-us,https://daytonalagoon.com/
301,all,^/blog-entries/dashing-through-the-arcade-gaming-galore-at-daytona-lagoon,https://daytonalagoon.com/
301,all,^/blog-entries/daytona-beach-spring-break-events-make-the-most-of-your-spring-break,https://daytonalagoon.com/
301,all,^/blog-entries/daytona-lagoon-celebrates-frontline-workers,https://daytonalagoon.com/
301,all,^/blog-entries/daytona-lagoon-recognized-as-visitors-choice-in-family-entertainment,https://daytonalagoon.com/
301,all,^/blog-entries/ditch-the-screens-and-discover-the-benefits-of-play-at-daytona-lagoon,https://daytonalagoon.com/
301,all,^/blog-entries/dive-into-fun-at-daytona-lagoon-your-ultimate-destination-for-group-outings,https://daytonalagoon.com/
301,all,^/blog-entries/diving-into-the-2022-waterpark-season,https://daytonalagoon.com/
301,all,^/blog-entries/embrace-a-screen-free-summer-at-daytona-lagoon,https://daytonalagoon.com/
301,all,^/blog-entries/everything-you-need-to-know-about-spooky-season-at-daytona-lagoon,https://daytonalagoon.com/
301,all,^/blog-entries/find-your-fun-at-daytona-lagoon-in-2021,https://daytonalagoon.com/
301,all,^/blog-entries/get-your-goonie-on-all-year-long,https://daytonalagoon.com/
301,all,^/blog-entries/goals-to-accomplish-before-the-end-of-the-year,https://daytonalagoon.com/
301,all,^/blog-entries/holiday-gift-guide-the-best-experience-gifts-for-families-amp-fun-seekers,https://daytonalagoon.com/
301,all,^/blog-entries/how-to-holiday-at-daytona-lagoon,https://daytonalagoon.com/
301,all,^/blog-entries/how-to-keep-kids-motivated-with-good-grades-all-year-long,https://daytonalagoon.com/
301,all,^/blog-entries/how-to-make-the-most-of-your-winter-break,https://daytonalagoon.com/
301,all,^/blog-entries/indoor-adventures-await-at-daytona-lagoon,https://daytonalagoon.com/
301,all,^/blog-entries/indoor-fun-to-stay-out-of-the-sun,https://daytonalagoon.com/
301,all,^/blog-entries/keep-kids-entertained-this-winter-break,https://daytonalagoon.com/
301,all,^/blog-entries/live-the-cabana-life-this-summer-at-daytona-lagoon,https://daytonalagoon.com/
301,all,^/blog-entries/making-a-splash-in-safety-daytona-lagoon-celebrates-water-safety-month,https://daytonalagoon.com/
301,all,^/blog-entries/next-level-fun-this-summer-at-daytona-lagoon,https://daytonalagoon.com/
301,all,^/blog-entries/plan-the-perfect-summer-weekend-in-daytona-beach,https://daytonalagoon.com/
301,all,^/blog-entries/plan-the-perfect-summer-weekend-in-daytona-beach-daytona-beach-attractions-for-families,https://daytonalagoon.com/
301,all,^/blog-entries/splash-into-spring-at-daytona-lagoon,https://daytonalagoon.com/
301,all,^/blog-entries/splashing-into-the-2020-waterpark-season,https://daytonalagoon.com/
301,all,^/blog-entries/spring-break-activities-a-day-at-daytona-lagoon,https://daytonalagoon.com/
301,all,^/blog-entries/spring-break-in-daytona-beach-your-2026-guide-to-daytona-lagoon-waterpark,https://daytonalagoon.com/
301,all,^/blog-entries/spring-into-action-at-daytona-lagoon,https://daytonalagoon.com/
301,all,^/blog-entries/summer-countdown-preparing-for-waterpark-season,https://daytonalagoon.com/
301,all,^/blog-entries/summer-nights-just-got-better-at-daytona-lagoon,https://daytonalagoon.com/
301,all,^/blog-entries/the-importance-of-team-building,https://daytonalagoon.com/
301,all,^/blog-entries/the-ultimate-countdown-to-the-2022-waterpark-season,https://daytonalagoon.com/
301,all,^/blog-entries/the-ultimate-daytona-beach-staycation,https://daytonalagoon.com/
301,all,^/blog-entries/the-ultimate-guide-to-summer-fun-at-daytona-lagoon-things-to-do-in-daytona-beach-florida,https://daytonalagoon.com/
301,all,^/blog-entries/things-to-do-with-kids-on-rainy-days-and-places-to-go-when-its-raining,https://daytonalagoon.com/
301,all,^/blog-entries/tips-for-making-your-next-birthday-celebration-perfect,https://daytonalagoon.com/
301,all,^/blog-entries/tis-the-season-of-fun-gift-guide-amp-festive-celebrations,https://daytonalagoon.com/
301,all,^/blog-entries/top-5-reasons-to-get-a-cabana-at-daytona-lagoon,https://daytonalagoon.com/
301,all,^/blog-entries/top-5-reasons-to-host-your-next-party-or-group-event-at-daytona-lagoon,https://daytonalagoon.com/
301,all,^/blog-entries/top-5-reasons-to-host-your-next-party-or-group-event-at-daytona-lagoon-cplx8,https://daytonalagoon.com/
301,all,^/blog-entries/ultimate-guide-to-kid-friendly-fun-at-daytona-lagoon,https://daytonalagoon.com/
301,all,^/blog-entries/unleash-fun-with-interactive-arcade-games-at-daytona-lagoons-arcade-in-daytona-beachnbsp,https://daytonalagoon.com/
301,all,^/blog-entries/what-to-do-with-the-kids-during-thanksgiving-break-in-daytona-beach,https://daytonalagoon.com/
301,all,^/blog-entries/why-daytona-lagoon-is-a-must-visit-in-daytona-beach,https://daytonalagoon.com/
301,all,^/blog-entries/why-daytona-lagoon-is-the-best-place-for-group-outings-in-daytona-beach,https://daytonalagoon.com/
301,all,^/blog-entries/why-waterpark-birthdays-at-daytona-lagoon-are-the-ultimate-celebration,https://daytonalagoon.com/
301,all,^/blog-entries/why-winter-is-the-best-time-to-buy-your-2026-daytona-lagoon-season-pass,https://daytonalagoon.com/
301,all,^/blog-entries/you-dont-want-to-miss-this-black-friday-deal,https://daytonalagoon.com/
301,all,^/blog-entries/you-may-be-wondering-where-is-the-closest-waterpark-near-me,https://daytonalagoon.com/
301,all,^/blog-entries/your-guide-to-daytona-lagoons-2026-waterpark-opening,https://daytonalagoon.com/
301,all,^/blog-entries/tag/after++hours+entertainment,https://daytonalagoon.com/
301,all,^/blog-entries/tag/Arcade+Games,https://daytonalagoon.com/
301,all,^/blog-entries/tag/arcade+games+in+Daytona+Beach,https://daytonalagoon.com/
301,all,^/blog-entries/tag/benefits+of+play,https://daytonalagoon.com/
301,all,^/blog-entries/tag/best+time+to+buy+season+pass,https://daytonalagoon.com/
301,all,^/blog-entries/tag/birthday,https://daytonalagoon.com/
301,all,^/blog-entries/tag/birthday+celebrations,https://daytonalagoon.com/
301,all,^/blog-entries/tag/birthday+club,https://daytonalagoon.com/
301,all,^/blog-entries/tag/birthday+exclusive,https://daytonalagoon.com/
301,all,^/blog-entries/tag/birthday+party,https://daytonalagoon.com/
301,all,^/blog-entries/tag/childhood+development,https://daytonalagoon.com/
301,all,^/blog-entries/tag/corporate+events,https://daytonalagoon.com/
301,all,^/blog-entries/tag/Daytona+Beach+Florida,https://daytonalagoon.com/
301,all,^/blog-entries/tag/Daytona+Lagoon,https://daytonalagoon.com/
301,all,^/blog-entries/tag/Daytona+Lagoon+Fun,https://daytonalagoon.com/
301,all,^/blog-entries/tag/daytona+lagoon+season+pass,https://daytonalagoon.com/
301,all,^/blog-entries/tag/daytona+waterpark+discount,https://daytonalagoon.com/
301,all,^/blog-entries/tag/December+Entertainment,https://daytonalagoon.com/
301,all,^/blog-entries/tag/evening+activities,https://daytonalagoon.com/
301,all,^/blog-entries/tag/exclusive+packages,https://daytonalagoon.com/
301,all,^/blog-entries/tag/family-friendly,https://daytonalagoon.com/
301,all,^/blog-entries/tag/family+friendly+activities,https://daytonalagoon.com/
301,all,^/blog-entries/tag/family+fun,https://daytonalagoon.com/
301,all,^/blog-entries/tag/family+gatherings,https://daytonalagoon.com/
301,all,^/blog-entries/tag/family+halloween,https://daytonalagoon.com/
301,all,^/blog-entries/tag/Festive+Entertainment,https://daytonalagoon.com/
301,all,^/blog-entries/tag/Gaming+Galore,https://daytonalagoon.com/
301,all,^/blog-entries/tag/good+grades,https://daytonalagoon.com/
301,all,^/blog-entries/tag/gratitude,https://daytonalagoon.com/
301,all,^/blog-entries/tag/group+activities,https://daytonalagoon.com/
301,all,^/blog-entries/tag/group+events,https://daytonalagoon.com/
301,all,^/blog-entries/tag/group+parties,https://daytonalagoon.com/
301,all,^/blog-entries/tag/halloween+activities,https://daytonalagoon.com/
301,all,^/blog-entries/tag/halloween+events,https://daytonalagoon.com/
301,all,^/blog-entries/tag/holiday+deals,https://daytonalagoon.com/
301,all,^/blog-entries/tag/indoor+activities,https://daytonalagoon.com/
301,all,^/blog-entries/tag/indoor+adventures,https://daytonalagoon.com/
301,all,^/blog-entries/tag/interactive+arcade+games,https://daytonalagoon.com/
301,all,^/blog-entries/tag/night+time+fun,https://daytonalagoon.com/
301,all,^/blog-entries/tag/rewards+for+good+grades,https://daytonalagoon.com/
301,all,^/blog-entries/tag/safety,https://daytonalagoon.com/
301,all,^/blog-entries/tag/season+pass+deals,https://daytonalagoon.com/
301,all,^/blog-entries/tag/spring+break,https://daytonalagoon.com/
301,all,^/blog-entries/tag/spring+break+activities,https://daytonalagoon.com/
301,all,^/blog-entries/tag/Summer+countdown,https://daytonalagoon.com/
301,all,^/blog-entries/tag/team+building,https://daytonalagoon.com/
301,all,^/blog-entries/tag/things+to+do,https://daytonalagoon.com/
301,all,^/blog-entries/tag/things+to+do+with+kids,https://daytonalagoon.com/
301,all,^/blog-entries/tag/unplugging,https://daytonalagoon.com/
301,all,^/blog-entries/tag/water+rides,https://daytonalagoon.com/
301,all,^/blog-entries/tag/water+safety+month,https://daytonalagoon.com/
301,all,^/blog-entries/tag/waterpark+birthdays,https://daytonalagoon.com/
301,all,^/blog-entries/tag/waterpark+fun,https://daytonalagoon.com/
301,all,^/blog-entries/tag/Waterpark+in+Daytona,https://daytonalagoon.com/
301,all,^/blog-entries/tag/winter+family+fun,https://daytonalagoon.com/
301,all,^/blog-entries/tag/work+retreats,https://daytonalagoon.com/
301,all,^/blog,https://daytonalagoon.com/
301,all,^/blog-entries,https://daytonalagoon.com/
301,all,^/news-coverage,https://daytonalagoon.com/
301,all,^/character-series,https://daytonalagoon.com/events/
301,all,^/accessibility,https://daytonalagoon.com/terms-conditions/
302,all,^/employment,https://daytonalagoon.com/
301,all,^/health-safety,https://daytonalagoon.com/terms-conditions/code-of-conduct/
301,all,^/mini-golf-score-card,https://daytonalagoon.com/attractions/mini-golf/
301,all,^/park-map,https://daytonalagoon.com/map/
301,all,^/parking,https://daytonalagoon.com/plan-your-visit/
301,all,^/preferred-lodging,https://daytonalagoon.com/plan-your-visit/
301,all,^/news-coverage/65-fun-things-to-do-in-daytona-beach-florida,https://daytonalagoon.com/
301,all,^/news-coverage/best-of-central-florida-with-justin-clark-amp-makaila-nichols,https://daytonalagoon.com/
301,all,^/news-coverage/daytona-beach-area-cvb-recognizes-area-businesses-and-attractions-with-third-annual-visitors-choice-awards,https://daytonalagoon.com/
301,all,^/news-coverage/daytona-beach-cvb-celebrates-national-travel-and-tourism-week-with-inaugural-visitors-choice-awards,https://daytonalagoon.com/
301,all,^/news-coverage/daytona-beach-waterpark-under-new-management-receives-fresh-refurbishments,https://daytonalagoon.com/
301,all,^/news-coverage/daytona-lagoon-gifts-volusia-county-schools-students-with-tickets-for-completing-spring-reading-challenge,https://daytonalagoon.com/
301,all,^/news-coverage/daytona-lagoon-hosting-job-fairs-for-various-positions-in-february,https://daytonalagoon.com/
301,all,^/news-coverage/daytona-lagoon-makes-list-of-top-five-best-waterparks-in-florida,https://daytonalagoon.com/
301,all,^/news-coverage/daytona-lagoon-prepares-to-open-for-the-2022-season,https://daytonalagoon.com/
301,all,^/news-coverage/daytona-lagoon-water-park-offers-free-admission-to-teachers-this-weekend,https://daytonalagoon.com/
301,all,^/news-coverage/daytona-lagoon-waterpark-prepares-to-open-for-2023-season,https://daytonalagoon.com/
301,all,^/news-coverage/daytona-lagoon-waterpark-to-host-job-fair-on-sunday,https://daytonalagoon.com/
301,all,^/news-coverage/first-responders-can-slide-into-the-weekend-with-free-admission-to-daytona-lagoon,https://daytonalagoon.com/
301,all,^/news-coverage/free-water-park-admission-being-offered-to-first-responders-this-weekend,https://daytonalagoon.com/
301,all,^/news-coverage/free-waterpark-admission-for-military-at-daytona-lagoon,https://daytonalagoon.com/
301,all,^/news-coverage/local-waterpark-opens-under-new-management,https://daytonalagoon.com/
301,all,^/news-coverage/these-are-the-top-5-most-affordable-water-parks-in-florida,https://daytonalagoon.com/
301,all,^/news-coverage/volusia-county-opens-summer-camp-registration-for-kids-ages-5-through-12,https://daytonalagoon.com/
301,all,^/2025-landing-page-design,https://daytonalagoon.com/
301,all,^/calendar-1,https://daytonalagoon.com/events/
301,all,^/character-series-2023,https://daytonalagoon.com/events/
301,all,^/character-series-2023-1,https://daytonalagoon.com/events/
301,all,^/events-mock-up,https://daytonalagoon.com/events/
301,all,^/events-mock-up/closed,https://daytonalagoon.com/events/
301,all,^/events-mock-up/event-one-tf353,https://daytonalagoon.com/events/
301,all,^/events-mock-up/event-two-x4phj,https://daytonalagoon.com/events/
301,all,^/fun-park-old,https://daytonalagoon.com/attractions/
301,all,^/hurricane-ian,https://daytonalagoon.com/
301,all,^/privacy-policy-old,https://daytonalagoon.com/terms-conditions/privacy-policy/
301,all,^/season-passes-1,https://daytonalagoon.com/tickets-and-passes/season-pass/
301,all,^/season-passes-end-of-summer,https://daytonalagoon.com/tickets-and-passes/season-pass/
301,all,^/season-passes-old,https://daytonalagoon.com/tickets-and-passes/season-pass/
301,all,^/season-passes1,https://daytonalagoon.com/tickets-and-passes/season-pass/
301,all,^/season-passes2025,https://daytonalagoon.com/tickets-and-passes/season-pass/
301,all,^/black-friday,https://daytonalagoon.com/promotions/
301,all,^/black-friday-2022-presale,https://daytonalagoon.com/promotions/
301,all,^/black-friday-5off,https://daytonalagoon.com/promotions/
301,all,^/black-friday-cvb,https://daytonalagoon.com/promotions/
301,all,^/black-friday-email,https://daytonalagoon.com/promotions/
301,all,^/black-friday-fiveoff,https://daytonalagoon.com/promotions/
301,all,^/black-friday-google,https://daytonalagoon.com/promotions/
301,all,^/black-friday-save5,https://daytonalagoon.com/promotions/
301,all,^/black-friday-savenow,https://daytonalagoon.com/promotions/
301,all,^/black-friday-social,https://daytonalagoon.com/promotions/
301,all,^/bogo-mondays,https://daytonalagoon.com/promotions/
301,all,^/christmas-in-july,https://daytonalagoon.com/events/
301,all,^/cvb,https://daytonalagoon.com/
301,all,^/cvb-25,https://daytonalagoon.com/
301,all,^/cyber-monday,https://daytonalagoon.com/promotions/
301,all,^/cyber-monday-5off,https://daytonalagoon.com/promotions/
301,all,^/cyber-monday-fiveoff,https://daytonalagoon.com/promotions/
301,all,^/cyber-monday-save5,https://daytonalagoon.com/promotions/
301,all,^/cyber-monday-savenow,https://daytonalagoon.com/promotions/
301,all,^/fall-fun-park,https://daytonalagoon.com/events/
301,all,^/february-special,https://daytonalagoon.com/promotions/
301,all,^/hallagoon,https://daytonalagoon.com/events/
301,all,^/halloween,https://daytonalagoon.com/events/
301,all,^/holiday-sale-digital,https://daytonalagoon.com/promotions/
301,all,^/holiday-sale-email,https://daytonalagoon.com/promotions/
301,all,^/holiday-sale-social,https://daytonalagoon.com/promotions/
301,all,^/hom,https://daytonalagoon.com/
301,all,^/hom-1,https://daytonalagoon.com/
301,all,^/march-special,https://daytonalagoon.com/promotions/
301,all,^/volusia-schools,https://daytonalagoon.com/plan-your-visit/groups/schools/
301,all,^/2-hour-pass,https://daytonalagoon.com/tickets-and-passes/
301,all,^/deluxe,https://daytonalagoon.com/tickets-and-passes/
301,all,^/memberships,https://daytonalagoon.com/tickets-and-passes/season-pass/
301,all,^/specials,https://daytonalagoon.com/promotions/
301,all,^/tickets-off-season,https://daytonalagoon.com/tickets-and-passes/